{"0_0": 899.196274361537, "0_1": 637.393306097736, "0_10": 824.7144779752957, "0_11": 913.451862430974, "0_2": 724.5036330112251, "0_3": 562.5056435494142, "0_4": 666.7669469696127, "0_5": 749.6483787256179, "0_6": 763.730303478994, "0_7": 821.6463492761409, "0_8": 910.1025440023652, "0_9": 726.6658505417556, "10_0": 846.4278495589712, "10_1": 752.5645140621298, "10_10": 915.471784192675, "10_11": 647.5218342909941, "10_2": 657.1407972348195, "10_3": 823.6816914622711, "10_4": 751.5639037305657, "10_5": 839.8580586374738, "10_6": 852.162610778212, "10_7": 760.8376269534874, "10_8": 659.6907476965046, "10_9": 648.4272691918304, "11_0": 932.7204490864488, "11_1": 823.6656608411382, "11_10": 655.9386277624382, "11_11": 908.4412782613888, "11_2": 745.154609162041, "11_3": 937.098322646606, "11_4": 819.1100462772782, "11_5": 733.8753310967427, "11_6": 750.8522199802384, "11_7": 657.7024254368594, "11_8": 566.6228262001572, "11_9": 751.116835519764, "1_0": 650.1572418608066, "1_1": 902.8307025962049, "1_10": 745.3591619852257, "1_11": 839.4240905708226, "1_2": 643.5589381773004, "1_3": 660.221203569432, "1_4": 746.8962279907608, "1_5": 839.1041570441706, "1_6": 826.0918853136692, "1_7": 749.0775747454829, "1_8": 834.5663523466787, "1_9": 658.9659758553191, "2_0": 734.4533024197534, "2_1": 658.5473209926813, "2_10": 658.0945881707254, "2_11": 752.0945476986024, "2_2": 910.8542870702062, "2_3": 744.2128388555623, "2_4": 833.0180906068952, "2_5": 915.3178822899877, "2_6": 935.6162553102511, "2_7": 842.2379435619165, "2_8": 756.6441898689854, "2_9": 568.9975270328137, "3_0": 573.7598718509236, "3_1": 659.2174606826134, "3_10": 825.0011972608374, "3_11": 910.3763281885266, "3_2": 744.2052146581896, "3_3": 899.1682313219696, "3_4": 652.801387041316, "3_5": 741.3319126994013, "3_6": 744.1116656596944, "3_7": 834.7408324522985, "3_8": 932.6131097341129, "3_9": 749.1067457977116, "4_0": 659.2872599232339, "4_1": 752.1408164106947, "4_10": 750.6436722825152, "4_11": 824.9961117473226, "4_2": 838.0689317066025, "4_3": 641.1168874313338, "4_4": 924.1759288457805, "4_5": 661.1633409614421, "4_6": 675.8815867579445, "4_7": 745.4173243742102, "4_8": 845.3017319087139, "4_9": 833.0801970320392, "5_0": 748.5215880256981, "5_1": 833.4807582217911, "5_10": 842.4076579005617, "5_11": 745.8005624142666, "5_2": 930.9408981216432, "5_3": 748.0640352498301, "5_4": 650.281562966138, "5_5": 912.676427028524, "5_6": 567.8344864465013, "5_7": 654.5144332498159, "5_8": 757.1837922599893, "5_9": 928.2379103642232, "6_0": 764.6182592427003, "6_1": 834.2837116786961, "6_10": 828.2978880801481, "6_11": 746.577408085458, "6_2": 927.1818288460561, "6_3": 741.4721365777302, "6_4": 664.5369551841181, "6_5": 555.11103312408, "6_6": 914.550361127445, "6_7": 651.0631643709781, "6_8": 749.2258884759411, "6_9": 918.3603420791055, "7_0": 820.9784281046201, "7_1": 747.7209277266838, "7_10": 745.5687496862199, "7_11": 669.4154107864822, "7_2": 842.138228647277, "7_3": 829.7517834945003, "7_4": 732.7989723849136, "7_5": 642.3763619133724, "7_6": 635.9026092242893, "7_7": 900.4959434007922, "7_8": 663.5207181423468, "7_9": 839.7889748335563, "8_0": 926.264164952044, "8_1": 840.7560410478438, "8_10": 665.1352030231053, "8_11": 565.9282887212651, "8_2": 751.1019929108435, "8_3": 916.9194658544914, "8_4": 825.340592606249, "8_5": 744.3585877180533, "8_6": 742.8077474261999, "8_7": 653.1347282791012, "8_8": 922.3813042939961, "8_9": 759.3802880346024, "9_0": 731.6791111213759, "9_1": 658.537213329874, "9_10": 647.997021872689, "9_11": 739.3404473707194, "9_2": 567.5302570128478, "9_3": 736.235516257853, "9_4": 838.4615683201363, "9_5": 916.7569877983777, "9_6": 910.2754660651449, "9_7": 844.1500081938243, "9_8": 760.2204098538525, "9_9": 906.8271073839508}